filename,file_size,file_attributes,region_count,region_id,region_shape_attributes,region_attributes
SIL_31.png,1167520,"{""Object_Count"":""0""}",0,0,{},{}
SIL_32.png,1169062,"{""Object_Count"":""0""}",0,0,{},{}
SIL_33.png,1162745,"{""Object_Count"":""0""}",0,0,{},{}
SIL_34.png,1163816,"{""Object_Count"":""0""}",0,0,{},{}
SIL_35.png,1164508,"{""Object_Count"":""0""}",0,0,{},{}
SIL_36.png,1173444,"{""Object_Count"":""0""}",0,0,{},{}
SIL_37.png,1162076,"{""Object_Count"":""0""}",0,0,{},{}
SIL_38.png,1163210,"{""Object_Count"":""0""}",0,0,{},{}
SIL_39.png,1167402,"{""Object_Count"":""0""}",0,0,{},{}
SIL_40.png,1162027,"{""Object_Count"":""0""}",0,0,{},{}
SIL_41.png,1166915,"{""Object_Count"":""0""}",0,0,{},{}
SIL_42.png,1164512,"{""Object_Count"":""0""}",0,0,{},{}
SIL_43.png,1166821,"{""Object_Count"":""0""}",0,0,{},{}
SIL_44.png,1165379,"{""Object_Count"":""0""}",0,0,{},{}
SIL_45.png,1165133,"{""Object_Count"":""0""}",0,0,{},{}
SIL_46.png,1162280,"{""Object_Count"":""0""}",0,0,{},{}
SIL_47.png,1167299,"{""Object_Count"":""0""}",0,0,{},{}
SIL_48.png,1174652,"{""Object_Count"":""0""}",0,0,{},{}
SIL_49.png,1165223,"{""Object_Count"":""0""}",0,0,{},{}
SIL_50.png,1163837,"{""Object_Count"":""0""}",0,0,{},{}
SIL_51.png,1161521,"{""Object_Count"":""0""}",0,0,{},{}
SIL_52.png,1162245,"{""Object_Count"":""0""}",0,0,{},{}
SIL_53.png,1164221,"{""Object_Count"":""0""}",0,0,{},{}
SIL_54.png,1163008,"{""Object_Count"":""0""}",0,0,{},{}
SIL_55.png,1163511,"{""Object_Count"":""0""}",0,0,{},{}
SIL_56.png,1163373,"{""Object_Count"":""0""}",0,0,{},{}
SIL_57.png,1165579,"{""Object_Count"":""0""}",0,0,{},{}
SIL_58.png,1164593,"{""Object_Count"":""0""}",0,0,{},{}
SIL_59.png,1164172,"{""Object_Count"":""0""}",0,0,{},{}
SIL_60.png,1176423,"{""Object_Count"":""0""}",0,0,{},{}
SIL_61.png,1165250,"{""Object_Count"":""0""}",0,0,{},{}
SIL_62.png,1162015,"{""Object_Count"":""0""}",0,0,{},{}
SIL_63.png,1161418,"{""Object_Count"":""0""}",0,0,{},{}
SIL_64.png,1161167,"{""Object_Count"":""0""}",0,0,{},{}
SIL_65.png,1161217,"{""Object_Count"":""0""}",0,0,{},{}
SIL_66.png,1165067,"{""Object_Count"":""0""}",0,0,{},{}
SIL_67.png,1165697,"{""Object_Count"":""0""}",0,0,{},{}
SIL_68.png,1166872,"{""Object_Count"":""0""}",0,0,{},{}
SIL_69.png,1164576,"{""Object_Count"":""0""}",0,0,{},{}
SIL_70.png,1165280,"{""Object_Count"":""0""}",0,0,{},{}
SIL_71.png,1163136,"{""Object_Count"":""0""}",0,0,{},{}
SIL_72.png,1171634,"{""Object_Count"":""0""}",0,0,{},{}
SIL_73.png,1161818,"{""Object_Count"":""0""}",0,0,{},{}
SIL_74.png,1160142,"{""Object_Count"":""0""}",0,0,{},{}
SIL_75.png,1165184,"{""Object_Count"":""0""}",0,0,{},{}
SIL_76.png,1165123,"{""Object_Count"":""0""}",0,0,{},{}
SIL_77.png,1165669,"{""Object_Count"":""0""}",0,0,{},{}
SIL_78.png,1164720,"{""Object_Count"":""0""}",0,0,{},{}
SIL_79.png,1162688,"{""Object_Count"":""0""}",0,0,{},{}
SIL_80.png,1166987,"{""Object_Count"":""0""}",0,0,{},{}
SIL_81.png,1161820,"{""Object_Count"":""0""}",0,0,{},{}
SIL_82.png,1161669,"{""Object_Count"":""0""}",0,0,{},{}
SIL_83.png,1163500,"{""Object_Count"":""0""}",0,0,{},{}
SIL_84.png,1177802,"{""Object_Count"":""0""}",0,0,{},{}
SIL_85.png,1165890,"{""Object_Count"":""0""}",0,0,{},{}
SIL_86.png,1164682,"{""Object_Count"":""0""}",0,0,{},{}
SIL_87.png,1164344,"{""Object_Count"":""0""}",0,0,{},{}
SIL_88.png,1164071,"{""Object_Count"":""0""}",0,0,{},{}
SIL_89.png,1162031,"{""Object_Count"":""0""}",0,0,{},{}
SIL_90.png,1161086,"{""Object_Count"":""0""}",0,0,{},{}
SIL_91.png,1162475,"{""Object_Count"":""0""}",0,0,{},{}
SIL_92.png,1165740,"{""Object_Count"":""0""}",0,0,{},{}
SIL_93.png,1165423,"{""Object_Count"":""0""}",0,0,{},{}
SIL_94.png,1165706,"{""Object_Count"":""0""}",0,0,{},{}
SIL_95.png,1163205,"{""Object_Count"":""0""}",0,0,{},{}
SIL_96.png,1174761,"{""Object_Count"":""0""}",0,0,{},{}
SIL_97.png,1166360,"{""Object_Count"":""0""}",0,0,{},{}
SIL_98.png,1164032,"{""Object_Count"":""0""}",0,0,{},{}
SIL_99.png,1164122,"{""Object_Count"":""0""}",0,0,{},{}
SIL_100.png,1165333,"{""Object_Count"":""0""}",0,0,{},{}
SIL_101.png,1166308,"{""Object_Count"":""0""}",0,0,{},{}
SIL_102.png,1164518,"{""Object_Count"":""0""}",0,0,{},{}
SIL_103.png,1163234,"{""Object_Count"":""0""}",0,0,{},{}
SIL_104.png,1165211,"{""Object_Count"":""0""}",0,0,{},{}
SIL_105.png,1165321,"{""Object_Count"":""0""}",0,0,{},{}
SIL_106.png,1165531,"{""Object_Count"":""0""}",0,0,{},{}
SIL_107.png,1163284,"{""Object_Count"":""0""}",0,0,{},{}
SIL_108.png,1173520,"{""Object_Count"":""0""}",0,0,{},{}
SIL_109.png,1162198,"{""Object_Count"":""0""}",0,0,{},{}
SIL_110.png,1164229,"{""Object_Count"":""0""}",0,0,{},{}
SIL_111.png,1165421,"{""Object_Count"":""0""}",0,0,{},{}
SIL_112.png,1166729,"{""Object_Count"":""0""}",0,0,{},{}
SIL_113.png,1162666,"{""Object_Count"":""0""}",0,0,{},{}
SIL_114.png,1165170,"{""Object_Count"":""0""}",0,0,{},{}
SIL_115.png,1163674,"{""Object_Count"":""0""}",0,0,{},{}
SIL_116.png,1164773,"{""Object_Count"":""0""}",0,0,{},{}
SIL_117.png,1162796,"{""Object_Count"":""0""}",0,0,{},{}
SIL_118.png,1165698,"{""Object_Count"":""0""}",0,0,{},{}
SIL_119.png,1166073,"{""Object_Count"":""0""}",0,0,{},{}
SIL_120.png,1175778,"{""Object_Count"":""0""}",0,0,{},{}
SIL_121.png,1162579,"{""Object_Count"":""0""}",0,0,{},{}
SIL_122.png,1161525,"{""Object_Count"":""0""}",0,0,{},{}
SIL_123.png,1163861,"{""Object_Count"":""0""}",0,0,{},{}
SIL_124.png,1162207,"{""Object_Count"":""0""}",0,0,{},{}
SIL_125.png,1164622,"{""Object_Count"":""0""}",0,0,{},{}
SIL_126.png,1165988,"{""Object_Count"":""0""}",0,0,{},{}
SIL_127.png,1165826,"{""Object_Count"":""0""}",0,0,{},{}
SIL_128.png,1166905,"{""Object_Count"":""0""}",0,0,{},{}
SIL_129.png,1165031,"{""Object_Count"":""0""}",0,0,{},{}
SIL_130.png,1162659,"{""Object_Count"":""0""}",0,0,{},{}
SIL_131.png,1162526,"{""Object_Count"":""1""}",2,0,"{""name"":""rect"",""x"":227,""y"":968,""width"":56,""height"":56}","{""Object"":""Catfish""}"
SIL_131.png,1162526,"{""Object_Count"":""1""}",2,1,"{""name"":""point"",""cx"":249,""cy"":995}","{""Object"":""Catfish""}"
SIL_132.png,1173236,"{""Object_Count"":""1""}",2,0,"{""name"":""rect"",""x"":228,""y"":972,""width"":54,""height"":43}","{""Object"":""Catfish""}"
SIL_132.png,1173236,"{""Object_Count"":""1""}",2,1,"{""name"":""point"",""cx"":251,""cy"":993}","{""Object"":""Catfish""}"
SIL_133.png,1162741,"{""Object_Count"":""1""}",2,0,"{""name"":""rect"",""x"":229,""y"":977,""width"":59,""height"":49}","{""Object"":""Catfish""}"
SIL_133.png,1162741,"{""Object_Count"":""1""}",2,1,"{""name"":""point"",""cx"":258,""cy"":995}","{""Object"":""Catfish""}"
SIL_134.png,1165071,"{""Object_Count"":""1""}",2,0,"{""name"":""rect"",""x"":221,""y"":980,""width"":65,""height"":47}","{""Object"":""Catfish""}"
SIL_134.png,1165071,"{""Object_Count"":""1""}",2,1,"{""name"":""point"",""cx"":257,""cy"":992}","{""Object"":""Catfish""}"
SIL_135.png,1165805,"{""Object_Count"":""1""}",2,0,"{""name"":""rect"",""x"":233,""y"":975,""width"":43,""height"":79}","{""Object"":""Catfish""}"
SIL_135.png,1165805,"{""Object_Count"":""1""}",2,1,"{""name"":""point"",""cx"":260,""cy"":990}","{""Object"":""Catfish""}"
SIL_136.png,1164660,"{""Object_Count"":""1""}",2,0,"{""name"":""rect"",""x"":234,""y"":979,""width"":48,""height"":78}","{""Object"":""Catfish""}"
SIL_136.png,1164660,"{""Object_Count"":""1""}",2,1,"{""name"":""point"",""cx"":260,""cy"":992}","{""Object"":""Catfish""}"
SIL_137.png,1163762,"{""Object_Count"":""1""}",2,0,"{""name"":""rect"",""x"":233,""y"":980,""width"":52,""height"":95}","{""Object"":""Catfish""}"
SIL_137.png,1163762,"{""Object_Count"":""1""}",2,1,"{""name"":""point"",""cx"":262,""cy"":1000}","{""Object"":""Catfish""}"
SIL_138.png,1167591,"{""Object_Count"":""1""}",2,0,"{""name"":""rect"",""x"":239,""y"":977,""width"":53,""height"":101}","{""Object"":""Catfish""}"
SIL_138.png,1167591,"{""Object_Count"":""1""}",2,1,"{""name"":""point"",""cx"":264,""cy"":1011}","{""Object"":""Catfish""}"
SIL_139.png,1162576,"{""Object_Count"":""1""}",2,0,"{""name"":""rect"",""x"":246,""y"":986,""width"":52,""height"":95}","{""Object"":""Catfish""}"
SIL_139.png,1162576,"{""Object_Count"":""1""}",2,1,"{""name"":""point"",""cx"":273,""cy"":1007}","{""Object"":""Catfish""}"
SIL_140.png,1167287,"{""Object_Count"":""1""}",2,0,"{""name"":""rect"",""x"":242,""y"":991,""width"":60,""height"":94}","{""Object"":""Catfish""}"
SIL_140.png,1167287,"{""Object_Count"":""1""}",2,1,"{""name"":""point"",""cx"":278,""cy"":1006}","{""Object"":""Catfish""}"
SIL_141.png,1164082,"{""Object_Count"":""1""}",2,0,"{""name"":""rect"",""x"":244,""y"":995,""width"":62,""height"":90}","{""Object"":""Catfish""}"
SIL_141.png,1164082,"{""Object_Count"":""1""}",2,1,"{""name"":""point"",""cx"":278,""cy"":1011}","{""Object"":""Catfish""}"
SIL_142.png,1166437,"{""Object_Count"":""1""}",2,0,"{""name"":""rect"",""x"":252,""y"":993,""width"":50,""height"":102}","{""Object"":""Catfish""}"
SIL_142.png,1166437,"{""Object_Count"":""1""}",2,1,"{""name"":""point"",""cx"":276,""cy"":1012}","{""Object"":""Catfish""}"
SIL_143.png,1166617,"{""Object_Count"":""1""}",2,0,"{""name"":""rect"",""x"":256,""y"":995,""width"":40,""height"":100}","{""Object"":""Catfish""}"
SIL_143.png,1166617,"{""Object_Count"":""1""}",2,1,"{""name"":""point"",""cx"":283,""cy"":1052}","{""Object"":""Catfish""}"
SIL_144.png,1176232,"{""Object_Count"":""1""}",2,0,"{""name"":""rect"",""x"":260,""y"":990,""width"":40,""height"":114}","{""Object"":""Catfish""}"
SIL_144.png,1176232,"{""Object_Count"":""1""}",2,1,"{""name"":""point"",""cx"":281,""cy"":1059}","{""Object"":""Catfish""}"
SIL_145.png,1164974,"{""Object_Count"":""1""}",2,0,"{""name"":""rect"",""x"":259,""y"":1021,""width"":48,""height"":89}","{""Object"":""Catfish""}"
SIL_145.png,1164974,"{""Object_Count"":""1""}",2,1,"{""name"":""point"",""cx"":281,""cy"":1072}","{""Object"":""Catfish""}"
SIL_146.png,1165594,"{""Object_Count"":""1""}",2,0,"{""name"":""rect"",""x"":262,""y"":1023,""width"":58,""height"":82}","{""Object"":""Catfish""}"
SIL_146.png,1165594,"{""Object_Count"":""1""}",2,1,"{""name"":""point"",""cx"":294,""cy"":1055}","{""Object"":""Catfish""}"
SIL_147.png,1163730,"{""Object_Count"":""1""}",2,0,"{""name"":""rect"",""x"":264,""y"":1023,""width"":51,""height"":99}","{""Object"":""Catfish""}"
SIL_147.png,1163730,"{""Object_Count"":""1""}",2,1,"{""name"":""point"",""cx"":282,""cy"":1084}","{""Object"":""Catfish""}"
SIL_148.png,1161562,"{""Object_Count"":""1""}",2,0,"{""name"":""rect"",""x"":265,""y"":1031,""width"":59,""height"":90}","{""Object"":""Catfish""}"
SIL_148.png,1161562,"{""Object_Count"":""1""}",2,1,"{""name"":""point"",""cx"":294,""cy"":1076}","{""Object"":""Catfish""}"
SIL_149.png,1162175,"{""Object_Count"":""1""}",2,0,"{""name"":""rect"",""x"":259,""y"":1043,""width"":60,""height"":87}","{""Object"":""Catfish""}"
SIL_149.png,1162175,"{""Object_Count"":""1""}",2,1,"{""name"":""point"",""cx"":292,""cy"":1083}","{""Object"":""Catfish""}"
SIL_150.png,1164139,"{""Object_Count"":""1""}",2,0,"{""name"":""rect"",""x"":261,""y"":1045,""width"":72,""height"":85}","{""Object"":""Catfish""}"
SIL_150.png,1164139,"{""Object_Count"":""1""}",2,1,"{""name"":""point"",""cx"":295,""cy"":1083}","{""Object"":""Catfish""}"
SIL_151.png,1165147,"{""Object_Count"":""1""}",2,0,"{""name"":""rect"",""x"":268,""y"":1047,""width"":65,""height"":77}","{""Object"":""Catfish""}"
SIL_151.png,1165147,"{""Object_Count"":""1""}",2,1,"{""name"":""point"",""cx"":302,""cy"":1077}","{""Object"":""Catfish""}"
SIL_152.png,1167228,"{""Object_Count"":""1""}",2,0,"{""name"":""rect"",""x"":274,""y"":1052,""width"":64,""height"":68}","{""Object"":""Catfish""}"
SIL_152.png,1167228,"{""Object_Count"":""1""}",2,1,"{""name"":""point"",""cx"":306,""cy"":1076}","{""Object"":""Catfish""}"
SIL_153.png,1167375,"{""Object_Count"":""1""}",2,0,"{""name"":""rect"",""x"":272,""y"":1059,""width"":79,""height"":72}","{""Object"":""Catfish""}"
SIL_153.png,1167375,"{""Object_Count"":""1""}",2,1,"{""name"":""point"",""cx"":308,""cy"":1077}","{""Object"":""Catfish""}"
SIL_154.png,1165403,"{""Object_Count"":""1""}",2,0,"{""name"":""rect"",""x"":273,""y"":1053,""width"":78,""height"":80}","{""Object"":""Catfish""}"
SIL_154.png,1165403,"{""Object_Count"":""1""}",2,1,"{""name"":""point"",""cx"":312,""cy"":1079}","{""Object"":""Catfish""}"
SIL_155.png,1164495,"{""Object_Count"":""1""}",2,0,"{""name"":""rect"",""x"":273,""y"":1050,""width"":81,""height"":86}","{""Object"":""Catfish""}"
SIL_155.png,1164495,"{""Object_Count"":""1""}",2,1,"{""name"":""point"",""cx"":309,""cy"":1096}","{""Object"":""Catfish""}"
SIL_156.png,1174184,"{""Object_Count"":""1""}",2,0,"{""name"":""rect"",""x"":282,""y"":1050,""width"":75,""height"":82}","{""Object"":""Catfish""}"
SIL_156.png,1174184,"{""Object_Count"":""1""}",2,1,"{""name"":""point"",""cx"":315,""cy"":1096}","{""Object"":""Catfish""}"
SIL_157.png,1162076,"{""Object_Count"":""1""}",2,0,"{""name"":""rect"",""x"":287,""y"":1059,""width"":71,""height"":69}","{""Object"":""Catfish""}"
SIL_157.png,1162076,"{""Object_Count"":""1""}",2,1,"{""name"":""point"",""cx"":323,""cy"":1092}","{""Object"":""Catfish""}"
SIL_158.png,1164443,"{""Object_Count"":""1""}",2,0,"{""name"":""rect"",""x"":300,""y"":1060,""width"":55,""height"":76}","{""Object"":""Catfish""}"
SIL_158.png,1164443,"{""Object_Count"":""1""}",2,1,"{""name"":""point"",""cx"":333,""cy"":1086}","{""Object"":""Catfish""}"
SIL_159.png,1164610,"{""Object_Count"":""1""}",2,0,"{""name"":""rect"",""x"":290,""y"":1082,""width"":58,""height"":73}","{""Object"":""Catfish""}"
SIL_159.png,1164610,"{""Object_Count"":""1""}",2,1,"{""name"":""point"",""cx"":318,""cy"":1116}","{""Object"":""Catfish""}"
SIL_160.png,1167365,"{""Object_Count"":""1""}",2,0,"{""name"":""rect"",""x"":298,""y"":1093,""width"":53,""height"":67}","{""Object"":""Catfish""}"
SIL_160.png,1167365,"{""Object_Count"":""1""}",2,1,"{""name"":""point"",""cx"":329,""cy"":1113}","{""Object"":""Catfish""}"
SIL_161.png,1165643,"{""Object_Count"":""1""}",2,0,"{""name"":""rect"",""x"":305,""y"":1091,""width"":61,""height"":71}","{""Object"":""Catfish""}"
SIL_161.png,1165643,"{""Object_Count"":""1""}",2,1,"{""name"":""point"",""cx"":336,""cy"":1113}","{""Object"":""Catfish""}"
SIL_162.png,1166944,"{""Object_Count"":""1""}",2,0,"{""name"":""rect"",""x"":311,""y"":1088,""width"":64,""height"":60}","{""Object"":""Catfish""}"
SIL_162.png,1166944,"{""Object_Count"":""1""}",2,1,"{""name"":""point"",""cx"":338,""cy"":1113}","{""Object"":""Catfish""}"
SIL_163.png,1164417,"{""Object_Count"":""1""}",2,0,"{""name"":""rect"",""x"":298,""y"":1098,""width"":65,""height"":83}","{""Object"":""Catfish""}"
SIL_163.png,1164417,"{""Object_Count"":""1""}",2,1,"{""name"":""point"",""cx"":335,""cy"":1131}","{""Object"":""Catfish""}"
SIL_164.png,1163139,"{""Object_Count"":""1""}",2,0,"{""name"":""rect"",""x"":294,""y"":1120,""width"":62,""height"":67}","{""Object"":""Catfish""}"
SIL_164.png,1163139,"{""Object_Count"":""1""}",2,1,"{""name"":""point"",""cx"":328,""cy"":1155}","{""Object"":""Catfish""}"
SIL_165.png,1161881,"{""Object_Count"":""1""}",3,0,"{""name"":""rect"",""x"":294,""y"":1129,""width"":81,""height"":60}","{""Object"":""Catfish""}"
SIL_165.png,1161881,"{""Object_Count"":""1""}",3,1,"{""name"":""point"",""cx"":335,""cy"":1153}","{""Object"":""Catfish""}"
SIL_165.png,1161881,"{""Object_Count"":""1""}",3,2,"{""name"":""point"",""cx"":335,""cy"":1153}","{""Object"":""Catfish""}"
SIL_166.png,1166710,"{""Object_Count"":""1""}",2,0,"{""name"":""rect"",""x"":291,""y"":1132,""width"":91,""height"":60}","{""Object"":""Catfish""}"
SIL_166.png,1166710,"{""Object_Count"":""1""}",2,1,"{""name"":""point"",""cx"":331,""cy"":1157}","{""Object"":""Catfish""}"
SIL_167.png,1162999,"{""Object_Count"":""1""}",2,0,"{""name"":""rect"",""x"":297,""y"":1133,""width"":109,""height"":61}","{""Object"":""Catfish""}"
SIL_167.png,1162999,"{""Object_Count"":""1""}",2,1,"{""name"":""point"",""cx"":340,""cy"":1159}","{""Object"":""Catfish""}"
SIL_168.png,1175468,"{""Object_Count"":""1""}",2,0,"{""name"":""rect"",""x"":296,""y"":1127,""width"":83,""height"":84}","{""Object"":""Catfish""}"
SIL_168.png,1175468,"{""Object_Count"":""1""}",2,1,"{""name"":""point"",""cx"":331,""cy"":1165}","{""Object"":""Catfish""}"
SIL_169.png,1165935,"{""Object_Count"":""1""}",2,0,"{""name"":""rect"",""x"":299,""y"":1139,""width"":102,""height"":65}","{""Object"":""Catfish""}"
SIL_169.png,1165935,"{""Object_Count"":""1""}",2,1,"{""name"":""point"",""cx"":340,""cy"":1163}","{""Object"":""Catfish""}"
SIL_170.png,1165710,"{""Object_Count"":""1""}",2,0,"{""name"":""rect"",""x"":299,""y"":1143,""width"":95,""height"":76}","{""Object"":""Catfish""}"
SIL_170.png,1165710,"{""Object_Count"":""1""}",2,1,"{""name"":""point"",""cx"":341,""cy"":1168}","{""Object"":""Catfish""}"
SIL_171.png,1164339,"{""Object_Count"":""1""}",2,0,"{""name"":""rect"",""x"":298,""y"":1136,""width"":106,""height"":77}","{""Object"":""Catfish""}"
SIL_171.png,1164339,"{""Object_Count"":""1""}",2,1,"{""name"":""point"",""cx"":347,""cy"":1169}","{""Object"":""Catfish""}"
SIL_172.png,1165286,"{""Object_Count"":""1""}",2,0,"{""name"":""rect"",""x"":303,""y"":1139,""width"":98,""height"":74}","{""Object"":""Catfish""}"
SIL_172.png,1165286,"{""Object_Count"":""1""}",2,1,"{""name"":""point"",""cx"":347,""cy"":1175}","{""Object"":""Catfish""}"
SIL_173.png,1163056,"{""Object_Count"":""1""}",2,0,"{""name"":""rect"",""x"":311,""y"":1147,""width"":94,""height"":65}","{""Object"":""Catfish""}"
SIL_173.png,1163056,"{""Object_Count"":""1""}",2,1,"{""name"":""point"",""cx"":351,""cy"":1179}","{""Object"":""Catfish""}"
SIL_174.png,1163147,"{""Object_Count"":""1""}",2,0,"{""name"":""rect"",""x"":306,""y"":1154,""width"":101,""height"":67}","{""Object"":""Catfish""}"
SIL_174.png,1163147,"{""Object_Count"":""1""}",2,1,"{""name"":""point"",""cx"":350,""cy"":1184}","{""Object"":""Catfish""}"
SIL_175.png,1163553,"{""Object_Count"":""1""}",2,0,"{""name"":""rect"",""x"":306,""y"":1152,""width"":110,""height"":73}","{""Object"":""Catfish""}"
SIL_175.png,1163553,"{""Object_Count"":""1""}",2,1,"{""name"":""point"",""cx"":356,""cy"":1188}","{""Object"":""Catfish""}"
SIL_176.png,1166059,"{""Object_Count"":""1""}",2,0,"{""name"":""rect"",""x"":323,""y"":1152,""width"":90,""height"":78}","{""Object"":""Catfish""}"
SIL_176.png,1166059,"{""Object_Count"":""1""}",2,1,"{""name"":""point"",""cx"":364,""cy"":1189}","{""Object"":""Catfish""}"
SIL_177.png,1165346,"{""Object_Count"":""1""}",2,0,"{""name"":""rect"",""x"":322,""y"":1156,""width"":96,""height"":78}","{""Object"":""Catfish""}"
SIL_177.png,1165346,"{""Object_Count"":""1""}",2,1,"{""name"":""point"",""cx"":365,""cy"":1193}","{""Object"":""Catfish""}"
SIL_178.png,1164828,"{""Object_Count"":""1""}",2,0,"{""name"":""rect"",""x"":323,""y"":1165,""width"":102,""height"":74}","{""Object"":""Catfish""}"
SIL_178.png,1164828,"{""Object_Count"":""1""}",2,1,"{""name"":""point"",""cx"":369,""cy"":1196}","{""Object"":""Catfish""}"
SIL_179.png,1167965,"{""Object_Count"":""1""}",2,0,"{""name"":""rect"",""x"":337,""y"":1169,""width"":102,""height"":71}","{""Object"":""Catfish""}"
SIL_179.png,1167965,"{""Object_Count"":""1""}",2,1,"{""name"":""point"",""cx"":378,""cy"":1200}","{""Object"":""Catfish""}"
SIL_180.png,1176165,"{""Object_Count"":""1""}",2,0,"{""name"":""rect"",""x"":340,""y"":1169,""width"":98,""height"":82}","{""Object"":""Catfish""}"
SIL_180.png,1176165,"{""Object_Count"":""1""}",2,1,"{""name"":""point"",""cx"":383,""cy"":1208}","{""Object"":""Catfish""}"
SIL_181.png,1163660,"{""Object_Count"":""1""}",2,0,"{""name"":""rect"",""x"":333,""y"":1169,""width"":102,""height"":86}","{""Object"":""Catfish""}"
SIL_181.png,1163660,"{""Object_Count"":""1""}",2,1,"{""name"":""point"",""cx"":383,""cy"":1214}","{""Object"":""Catfish""}"
SIL_182.png,1163656,"{""Object_Count"":""1""}",2,0,"{""name"":""rect"",""x"":358,""y"":1171,""width"":77,""height"":86}","{""Object"":""Catfish""}"
SIL_182.png,1163656,"{""Object_Count"":""1""}",2,1,"{""name"":""point"",""cx"":388,""cy"":1217}","{""Object"":""Catfish""}"
SIL_183.png,1162072,"{""Object_Count"":""1""}",3,0,"{""name"":""rect"",""x"":362,""y"":1191,""width"":81,""height"":71}","{""Object"":""Catfish""}"
SIL_183.png,1162072,"{""Object_Count"":""1""}",3,1,"{""name"":""point"",""cx"":395,""cy"":1227}","{""Object"":""Catfish""}"
SIL_183.png,1162072,"{""Object_Count"":""1""}",3,2,"{""name"":""point"",""cx"":395,""cy"":1227}","{""Object"":""Catfish""}"
SIL_184.png,1166762,"{""Object_Count"":""1""}",2,0,"{""name"":""rect"",""x"":373,""y"":1183,""width"":73,""height"":85}","{""Object"":""Catfish""}"
SIL_184.png,1166762,"{""Object_Count"":""1""}",2,1,"{""name"":""point"",""cx"":407,""cy"":1227}","{""Object"":""Catfish""}"
SIL_185.png,1165251,"{""Object_Count"":""1""}",2,0,"{""name"":""rect"",""x"":373,""y"":1186,""width"":73,""height"":90}","{""Object"":""Catfish""}"
SIL_185.png,1165251,"{""Object_Count"":""1""}",2,1,"{""name"":""point"",""cx"":410,""cy"":1232}","{""Object"":""Catfish""}"
SIL_186.png,1165086,"{""Object_Count"":""1""}",2,0,"{""name"":""rect"",""x"":386,""y"":1194,""width"":62,""height"":85}","{""Object"":""Catfish""}"
SIL_186.png,1165086,"{""Object_Count"":""1""}",2,1,"{""name"":""point"",""cx"":414,""cy"":1241}","{""Object"":""Catfish""}"
SIL_187.png,1166375,"{""Object_Count"":""1""}",2,0,"{""name"":""rect"",""x"":394,""y"":1204,""width"":60,""height"":80}","{""Object"":""Catfish""}"
SIL_187.png,1166375,"{""Object_Count"":""1""}",2,1,"{""name"":""point"",""cx"":424,""cy"":1238}","{""Object"":""Catfish""}"
SIL_188.png,1165102,"{""Object_Count"":""1""}",2,0,"{""name"":""rect"",""x"":402,""y"":1208,""width"":59,""height"":80}","{""Object"":""Catfish""}"
SIL_188.png,1165102,"{""Object_Count"":""1""}",2,1,"{""name"":""point"",""cx"":430,""cy"":1245}","{""Object"":""Catfish""}"
SIL_189.png,1162740,"{""Object_Count"":""1""}",2,0,"{""name"":""rect"",""x"":398,""y"":1211,""width"":60,""height"":75}","{""Object"":""Catfish""}"
SIL_189.png,1162740,"{""Object_Count"":""1""}",2,1,"{""name"":""point"",""cx"":430,""cy"":1256}","{""Object"":""Catfish""}"
SIL_190.png,1165009,"{""Object_Count"":""1""}",2,0,"{""name"":""rect"",""x"":409,""y"":1234,""width"":41,""height"":52}","{""Object"":""Catfish""}"
SIL_190.png,1165009,"{""Object_Count"":""1""}",2,1,"{""name"":""point"",""cx"":426,""cy"":1263}","{""Object"":""Catfish""}"
